section,item,score_0_2,evidence,issue,next_action
State,Authoritative runtime state used before AI,,,
State,Conflicting state detected,,,
State,Unknown state fails closed,,,
State,Completion independently verified,,,
Tools,Active tool set is minimal,,,
Tools,Read/write/destructive tools distinguished,,,
Tools,Tool fallback is bounded,,,
Tools,Duplicate/overlapping tools removed,,,
Permissions,Sensitive actions isolated,,,
Permissions,Human authority boundaries explicit,,,
Permissions,Secrets excluded from model-visible logs,,,
Checkpoints,Workflow resumes from verified checkpoint,,,
Checkpoints,Progress stored outside transient context,,,
Checkpoints,Connection failure separated from task failure,,,
Idempotency,Retries cannot duplicate side effects,,,
Verification,Tool success separated from business success,,,
Verification,Critical writes are re-read/verified,,,
Fallback,Confidence threshold defined,,,
Fallback,Threshold calibrated on representative data,,,
Fallback,Low confidence escalates instead of guessing,,,
Observability,Decision/tool/latency/retry/outcome logged,,,
Recovery,Restart/reconnect reconciliation exists,,,
Evaluation,Eval covers success/failure/running/ambiguous/conflicting states,,,
Economics,Cost/latency savings are measured not assumed,,,
